"Año","Región","Sexo","Avg_Value"
"2010","Región Metropolitana de Santiago","Ambos sexos",57.7627100037612
"2010","Región Metropolitana de Santiago","Hombres",70.2117016565658
"2010","Región Metropolitana de Santiago","Mujeres",46.1540380800774
"2010","Región de Antofagasta","Ambos sexos",58.8248865823042
"2010","Región de Antofagasta","Hombres",74.0229187712063
"2010","Región de Antofagasta","Mujeres",43.1341062568414
"2010","Región de Arica y Parinacota","Ambos sexos",58.4374109054776
"2010","Región de Arica y Parinacota","Hombres",69.7469857055333
"2010","Región de Arica y Parinacota","Mujeres",47.5568454469017
"2010","Región de Atacama","Ambos sexos",56.9303129125666
"2010","Región de Atacama","Hombres",73.4057130379806
"2010","Región de Atacama","Mujeres",40.09370837299
"2010","Región de Aysén del Gral. Carlos Ibáñez del Campo","Ambos sexos",63.1716801267935
"2010","Región de Aysén del Gral. Carlos Ibáñez del Campo","Hombres",75.3173600983122
"2010","Región de Aysén del Gral. Carlos Ibáñez del Campo","Mujeres",50.4081605683898
"2010","Región de Coquimbo","Ambos sexos",53.2815529482072
"2010","Región de Coquimbo","Hombres",68.5484967143796
"2010","Región de Coquimbo","Mujeres",38.8070135879168
"2010","Región de La Araucanía","Ambos sexos",52.41684162467
"2010","Región de La Araucanía","Hombres",67.3377572688939
"2010","Región de La Araucanía","Mujeres",38.3003353892276
"2010","Región de Los Lagos","Ambos sexos",54.5073944435931
"2010","Región de Los Lagos","Hombres",68.7443951822998
"2010","Región de Los Lagos","Mujeres",40.5033557282377
"2010","Región de Los Ríos","Ambos sexos",49.1412473642287
"2010","Región de Los Ríos","Hombres",62.753654512963
"2010","Región de Los Ríos","Mujeres",36.013383306219
"2010","Región de Magallanes y La Antártica Chilena","Ambos sexos",54.7521462015881
"2010","Región de Magallanes y La Antártica Chilena","Hombres",66.6705780206489
"2010","Región de Magallanes y La Antártica Chilena","Mujeres",42.4104804581135
"2010","Región de Tarapacá","Ambos sexos",62.3704190334183
"2010","Región de Tarapacá","Hombres",74.536771977831
"2010","Región de Tarapacá","Mujeres",49.8114786614201
"2010","Región de Valparaíso","Ambos sexos",53.2071419138946
"2010","Región de Valparaíso","Hombres",66.7010934333839
"2010","Región de Valparaíso","Mujeres",40.6098417072415
"2010","Región de Ñuble","Ambos sexos",48.7144564153645
"2010","Región de Ñuble","Hombres",62.9811431154934
"2010","Región de Ñuble","Mujeres",35.2704556413834
"2010","Región del Biobío","Ambos sexos",51.7609653676668
"2010","Región del Biobío","Hombres",65.8925720834527
"2010","Región del Biobío","Mujeres",38.5172944267475
"2010","Región del Libertador Gral. Bernardo O'Higgins","Ambos sexos",54.7831409441193
"2010","Región del Libertador Gral. Bernardo O'Higgins","Hombres",70.0533650833557
"2010","Región del Libertador Gral. Bernardo O'Higgins","Mujeres",39.6514450212187
"2010","Región del Maule","Ambos sexos",50.8051991449531
"2010","Región del Maule","Hombres",66.8503197758127
"2010","Región del Maule","Mujeres",35.3794868687181
"2010","Total país","Ambos sexos",55.2037034949755
"2010","Total país","Hombres",68.8272250513494
"2010","Total país","Mujeres",42.2559525053166
"2011","Región Metropolitana de Santiago","Ambos sexos",59.929363551983
"2011","Región Metropolitana de Santiago","Hombres",71.8939579323401
"2011","Región Metropolitana de Santiago","Mujeres",48.7472485352895
"2011","Región de Antofagasta","Ambos sexos",59.1326304923242
"2011","Región de Antofagasta","Hombres",74.4755905024309
"2011","Región de Antofagasta","Mujeres",43.3123818970105
"2011","Región de Arica y Parinacota","Ambos sexos",56.9527426745424
"2011","Región de Arica y Parinacota","Hombres",68.9793439554436
"2011","Región de Arica y Parinacota","Mujeres",45.3632589921713
"2011","Región de Atacama","Ambos sexos",57.4632442801509
"2011","Región de Atacama","Hombres",73.2752750636732
"2011","Región de Atacama","Mujeres",41.3096395913043
"2011","Región de Aysén del Gral. Carlos Ibáñez del Campo","Ambos sexos",67.2260869047958
"2011","Región de Aysén del Gral. Carlos Ibáñez del Campo","Hombres",77.7945902424042
"2011","Región de Aysén del Gral. Carlos Ibáñez del Campo","Mujeres",56.1541564643271
"2011","Región de Coquimbo","Ambos sexos",55.2627612806342
"2011","Región de Coquimbo","Hombres",69.1408233339923
"2011","Región de Coquimbo","Mujeres",42.116531059319
"2011","Región de La Araucanía","Ambos sexos",52.7787593526922
"2011","Región de La Araucanía","Hombres",67.369825131828
"2011","Región de La Araucanía","Mujeres",38.9963353120644
"2011","Región de Los Lagos","Ambos sexos",55.4085438275722
"2011","Región de Los Lagos","Hombres",69.584086714124
"2011","Región de Los Lagos","Mujeres",41.4763967904741
"2011","Región de Los Ríos","Ambos sexos",52.5093136817708
"2011","Región de Los Ríos","Hombres",66.9260489241639
"2011","Región de Los Ríos","Mujeres",38.6371375464971
"2011","Región de Magallanes y La Antártica Chilena","Ambos sexos",58.8019473210837
"2011","Región de Magallanes y La Antártica Chilena","Hombres",70.5893749586405
"2011","Región de Magallanes y La Antártica Chilena","Mujeres",46.6003947563416
"2011","Región de Tarapacá","Ambos sexos",63.8852315437743
"2011","Región de Tarapacá","Hombres",75.4676712979794
"2011","Región de Tarapacá","Mujeres",51.9479552381971
"2011","Región de Valparaíso","Ambos sexos",55.4707362015859
"2011","Región de Valparaíso","Hombres",68.5544073137869
"2011","Región de Valparaíso","Mujeres",43.2509865067326
"2011","Región de Ñuble","Ambos sexos",51.2335588847321
"2011","Región de Ñuble","Hombres",66.6116091043023
"2011","Región de Ñuble","Mujeres",36.784970649168
"2011","Región del Biobío","Ambos sexos",52.4937662510177
"2011","Región del Biobío","Hombres",65.8394559490776
"2011","Región del Biobío","Mujeres",39.9944437285302
"2011","Región del Libertador Gral. Bernardo O'Higgins","Ambos sexos",55.4012308344982
"2011","Región del Libertador Gral. Bernardo O'Higgins","Hombres",69.7492930471201
"2011","Región del Libertador Gral. Bernardo O'Higgins","Mujeres",41.1897416746499
"2011","Región del Maule","Ambos sexos",53.560963123544
"2011","Región del Maule","Hombres",68.7367371720269
"2011","Región del Maule","Mujeres",38.995218531334
"2011","Total país","Ambos sexos",56.9661170208012
"2011","Total país","Hombres",70.1291856406139
"2011","Total país","Mujeres",44.4503902303482
"2012","Región Metropolitana de Santiago","Ambos sexos",59.8534792943201
"2012","Región Metropolitana de Santiago","Hombres",71.4236929045597
"2012","Región Metropolitana de Santiago","Mujeres",49.0153149433062
"2012","Región de Antofagasta","Ambos sexos",57.4750677148933
"2012","Región de Antofagasta","Hombres",73.478677389102
"2012","Región de Antofagasta","Mujeres",40.9982573512681
"2012","Región de Arica y Parinacota","Ambos sexos",56.5406327927438
"2012","Región de Arica y Parinacota","Hombres",69.3966750564072
"2012","Región de Arica y Parinacota","Mujeres",44.1256539306228
"2012","Región de Atacama","Ambos sexos",57.9706615130651
"2012","Región de Atacama","Hombres",73.4797250953259
"2012","Región de Atacama","Mujeres",42.1320691083598
"2012","Región de Aysén del Gral. Carlos Ibáñez del Campo","Ambos sexos",66.4576629713705
"2012","Región de Aysén del Gral. Carlos Ibáñez del Campo","Hombres",76.7001820699814
"2012","Región de Aysén del Gral. Carlos Ibáñez del Campo","Mujeres",55.7656834123105
"2012","Región de Coquimbo","Ambos sexos",56.5791431271464
"2012","Región de Coquimbo","Hombres",71.060904043861
"2012","Región de Coquimbo","Mujeres",42.8731292524616
"2012","Región de La Araucanía","Ambos sexos",55.3547205957704
"2012","Región de La Araucanía","Hombres",69.6150856597151
"2012","Región de La Araucanía","Mujeres",41.9050997421993
"2012","Región de Los Lagos","Ambos sexos",58.3414681086575
"2012","Región de Los Lagos","Hombres",72.5804416142115
"2012","Región de Los Lagos","Mujeres",44.3574870596692
"2012","Región de Los Ríos","Ambos sexos",55.340161300411
"2012","Región de Los Ríos","Hombres",69.9520639991357
"2012","Región de Los Ríos","Mujeres",41.3143409015095
"2012","Región de Magallanes y La Antártica Chilena","Ambos sexos",59.8263974134091
"2012","Región de Magallanes y La Antártica Chilena","Hombres",72.7520702106159
"2012","Región de Magallanes y La Antártica Chilena","Mujeres",46.4494452867567
"2012","Región de Tarapacá","Ambos sexos",62.0581281902792
"2012","Región de Tarapacá","Hombres",72.429681133997
"2012","Región de Tarapacá","Mujeres",51.3880699501729
"2012","Región de Valparaíso","Ambos sexos",55.7311962510401
"2012","Región de Valparaíso","Hombres",68.1631459465665
"2012","Región de Valparaíso","Mujeres",44.1153129466813
"2012","Región de Ñuble","Ambos sexos",53.9901382698745
"2012","Región de Ñuble","Hombres",67.9603019458164
"2012","Región de Ñuble","Mujeres",40.9048655812219
"2012","Región del Biobío","Ambos sexos",51.8611857209838
"2012","Región del Biobío","Hombres",65.3284237952082
"2012","Región del Biobío","Mujeres",39.2571552019306
"2012","Región del Libertador Gral. Bernardo O'Higgins","Ambos sexos",57.5105626061707
"2012","Región del Libertador Gral. Bernardo O'Higgins","Hombres",71.2573481435366
"2012","Región del Libertador Gral. Bernardo O'Higgins","Mujeres",43.9001141015053
"2012","Región del Maule","Ambos sexos",53.9069662978763
"2012","Región del Maule","Hombres",69.1126338729627
"2012","Región del Maule","Mujeres",39.3369557162809
"2012","Total país","Ambos sexos",57.4346427178732
"2012","Total país","Hombres",70.3441708207034
"2012","Total país","Mujeres",45.154710352451
"2013","Región Metropolitana de Santiago","Ambos sexos",60.3600169993964
"2013","Región Metropolitana de Santiago","Hombres",71.4197250385126
"2013","Región Metropolitana de Santiago","Mujeres",49.9768778195275
"2013","Región de Antofagasta","Ambos sexos",57.789466410516
"2013","Región de Antofagasta","Hombres",74.269014743331
"2013","Región de Antofagasta","Mujeres",40.8616230245194
"2013","Región de Arica y Parinacota","Ambos sexos",56.7319421103273
"2013","Región de Arica y Parinacota","Hombres",67.4702390488991
"2013","Región de Arica y Parinacota","Mujeres",46.3396740257368
"2013","Región de Atacama","Ambos sexos",58.70334308286
"2013","Región de Atacama","Hombres",72.5791279586122
"2013","Región de Atacama","Mujeres",44.5397689425336
"2013","Región de Aysén del Gral. Carlos Ibáñez del Campo","Ambos sexos",66.9628556460436
"2013","Región de Aysén del Gral. Carlos Ibáñez del Campo","Hombres",76.5808618158285
"2013","Región de Aysén del Gral. Carlos Ibáñez del Campo","Mujeres",56.9522818833863
"2013","Región de Coquimbo","Ambos sexos",54.9489584816036
"2013","Región de Coquimbo","Hombres",68.4344187399058
"2013","Región de Coquimbo","Mujeres",42.1974083254857
"2013","Región de La Araucanía","Ambos sexos",57.0677884946906
"2013","Región de La Araucanía","Hombres",70.8284178001006
"2013","Región de La Araucanía","Mujeres",44.1064484055486
"2013","Región de Los Lagos","Ambos sexos",60.4978326273598
"2013","Región de Los Lagos","Hombres",74.6034672328915
"2013","Región de Los Lagos","Mujeres",46.6527931586024
"2013","Región de Los Ríos","Ambos sexos",57.1090449988342
"2013","Región de Los Ríos","Hombres",71.0834046242953
"2013","Región de Los Ríos","Mujeres",43.7240389830897
"2013","Región de Magallanes y La Antártica Chilena","Ambos sexos",59.1522271964699
"2013","Región de Magallanes y La Antártica Chilena","Hombres",72.5819204794901
"2013","Región de Magallanes y La Antártica Chilena","Mujeres",45.2582517904799
"2013","Región de Tarapacá","Ambos sexos",60.1663506488078
"2013","Región de Tarapacá","Hombres",71.0071271658852
"2013","Región de Tarapacá","Mujeres",49.0395432092497
"2013","Región de Valparaíso","Ambos sexos",55.6034919785461
"2013","Región de Valparaíso","Hombres",67.3525264677228
"2013","Región de Valparaíso","Mujeres",44.6214802215143
"2013","Región de Ñuble","Ambos sexos",53.9381401293354
"2013","Región de Ñuble","Hombres",67.1864032018574
"2013","Región de Ñuble","Mujeres",41.5698857514541
"2013","Región del Biobío","Ambos sexos",50.8268953795729
"2013","Región del Biobío","Hombres",64.0682863145922
"2013","Región del Biobío","Mujeres",38.4444462099207
"2013","Región del Libertador Gral. Bernardo O'Higgins","Ambos sexos",58.7556326504359
"2013","Región del Libertador Gral. Bernardo O'Higgins","Hombres",72.5573440562476
"2013","Región del Libertador Gral. Bernardo O'Higgins","Mujeres",45.094786434961
"2013","Región del Maule","Ambos sexos",55.092892817062
"2013","Región del Maule","Hombres",68.594108207621
"2013","Región del Maule","Mujeres",42.1778877532096
"2013","Total país","Ambos sexos",57.8244617683135
"2013","Total país","Hombres",70.2034068900239
"2013","Total país","Mujeres",46.0444498461895
"2014","Región Metropolitana de Santiago","Ambos sexos",60.0469832895364
"2014","Región Metropolitana de Santiago","Hombres",70.3103389116108
"2014","Región Metropolitana de Santiago","Mujeres",50.3890443673929
"2014","Región de Antofagasta","Ambos sexos",57.916904604329
"2014","Región de Antofagasta","Hombres",73.1456135452324
"2014","Región de Antofagasta","Mujeres",42.3154093980562
"2014","Región de Arica y Parinacota","Ambos sexos",54.8758040798134
"2014","Región de Arica y Parinacota","Hombres",65.7793707895003
"2014","Región de Arica y Parinacota","Mujeres",44.2938664270704
"2014","Región de Atacama","Ambos sexos",58.8553830731654
"2014","Región de Atacama","Hombres",71.6770009114529
"2014","Región de Atacama","Mujeres",45.7764393029519
"2014","Región de Aysén del Gral. Carlos Ibáñez del Campo","Ambos sexos",67.9269036741964
"2014","Región de Aysén del Gral. Carlos Ibáñez del Campo","Hombres",77.1695222885461
"2014","Región de Aysén del Gral. Carlos Ibáñez del Campo","Mujeres",58.3408107058038
"2014","Región de Coquimbo","Ambos sexos",57.2371332267318
"2014","Región de Coquimbo","Hombres",69.7960630113006
"2014","Región de Coquimbo","Mujeres",45.3709729972313
"2014","Región de La Araucanía","Ambos sexos",58.1545876294688
"2014","Región de La Araucanía","Hombres",70.5183727540646
"2014","Región de La Araucanía","Mujeres",46.5211740244861
"2014","Región de Los Lagos","Ambos sexos",60.1521314125438
"2014","Región de Los Lagos","Hombres",73.2041332248347
"2014","Región de Los Lagos","Mujeres",47.348900084257
"2014","Región de Los Ríos","Ambos sexos",57.0428877517796
"2014","Región de Los Ríos","Hombres",70.0193204351152
"2014","Región de Los Ríos","Mujeres",44.6387185055198
"2014","Región de Magallanes y La Antártica Chilena","Ambos sexos",61.3871662018085
"2014","Región de Magallanes y La Antártica Chilena","Hombres",74.6084588991145
"2014","Región de Magallanes y La Antártica Chilena","Mujeres",47.7088950539911
"2014","Región de Tarapacá","Ambos sexos",60.4723960825906
"2014","Región de Tarapacá","Hombres",73.2877851720703
"2014","Región de Tarapacá","Mujeres",47.3558653284073
"2014","Región de Valparaíso","Ambos sexos",56.1322326428088
"2014","Región de Valparaíso","Hombres",68.186618558948
"2014","Región de Valparaíso","Mujeres",44.8608684242332
"2014","Región de Ñuble","Ambos sexos",53.5947060917359
"2014","Región de Ñuble","Hombres",66.4055903410117
"2014","Región de Ñuble","Mujeres",41.6749925070391
"2014","Región del Biobío","Ambos sexos",50.5683385935111
"2014","Región del Biobío","Hombres",62.851072102992
"2014","Región del Biobío","Mujeres",39.0925338415835
"2014","Región del Libertador Gral. Bernardo O'Higgins","Ambos sexos",58.1806079101994
"2014","Región del Libertador Gral. Bernardo O'Higgins","Hombres",71.5627033717204
"2014","Región del Libertador Gral. Bernardo O'Higgins","Mujeres",44.9390647225532
"2014","Región del Maule","Ambos sexos",56.0923502424086
"2014","Región del Maule","Hombres",70.0192805013231
"2014","Región del Maule","Mujeres",42.7914293315819
"2014","Total país","Ambos sexos",57.9022379549892
"2014","Total país","Hombres",69.6831101073807
"2014","Total país","Mujeres",46.6864341223001
"2015","Región Metropolitana de Santiago","Ambos sexos",60.4599420698171
"2015","Región Metropolitana de Santiago","Hombres",71.6204338048221
"2015","Región Metropolitana de Santiago","Mujeres",49.9323984839005
"2015","Región de Antofagasta","Ambos sexos",58.0726181035656
"2015","Región de Antofagasta","Hombres",70.7053791015912
"2015","Región de Antofagasta","Mujeres",45.165260829523
"2015","Región de Arica y Parinacota","Ambos sexos",56.5467542942433
"2015","Región de Arica y Parinacota","Hombres",67.4095204174319
"2015","Región de Arica y Parinacota","Mujeres",45.9698524149792
"2015","Región de Atacama","Ambos sexos",56.5816500505443
"2015","Región de Atacama","Hombres",69.04995036993
"2015","Región de Atacama","Mujeres",43.8706826439486
"2015","Región de Aysén del Gral. Carlos Ibáñez del Campo","Ambos sexos",68.96496245658
"2015","Región de Aysén del Gral. Carlos Ibáñez del Campo","Hombres",78.6043533917838
"2015","Región de Aysén del Gral. Carlos Ibáñez del Campo","Mujeres",59.0028926114414
"2015","Región de Coquimbo","Ambos sexos",57.6144839022058
"2015","Región de Coquimbo","Hombres",70.404972577052
"2015","Región de Coquimbo","Mujeres",45.5399169162711
"2015","Región de La Araucanía","Ambos sexos",55.1706420216585
"2015","Región de La Araucanía","Hombres",68.1995629817672
"2015","Región de La Araucanía","Mujeres",42.9244843324063
"2015","Región de Los Lagos","Ambos sexos",58.8789632820138
"2015","Región de Los Lagos","Hombres",71.5309777516475
"2015","Región de Los Lagos","Mujeres",46.4737951525034
"2015","Región de Los Ríos","Ambos sexos",56.9685748372497
"2015","Región de Los Ríos","Hombres",69.31025411662
"2015","Región de Los Ríos","Mujeres",45.1968318678434
"2015","Región de Magallanes y La Antártica Chilena","Ambos sexos",62.0646843818962
"2015","Región de Magallanes y La Antártica Chilena","Hombres",73.3290020695126
"2015","Región de Magallanes y La Antártica Chilena","Mujeres",50.4133526914456
"2015","Región de Tarapacá","Ambos sexos",61.3521434222614
"2015","Región de Tarapacá","Hombres",71.9145055944254
"2015","Región de Tarapacá","Mujeres",50.5599095052032
"2015","Región de Valparaíso","Ambos sexos",56.2926553632721
"2015","Región de Valparaíso","Hombres",67.9130002066118
"2015","Región de Valparaíso","Mujeres",45.4236693634394
"2015","Región de Ñuble","Ambos sexos",53.639312471404
"2015","Región de Ñuble","Hombres",68.0258967502027
"2015","Región de Ñuble","Mujeres",40.3041062767441
"2015","Región del Biobío","Ambos sexos",52.0755843482779
"2015","Región del Biobío","Hombres",63.7506139042304
"2015","Región del Biobío","Mujeres",41.177990039887
"2015","Región del Libertador Gral. Bernardo O'Higgins","Ambos sexos",57.2681559607029
"2015","Región del Libertador Gral. Bernardo O'Higgins","Hombres",70.8572426192236
"2015","Región del Libertador Gral. Bernardo O'Higgins","Mujeres",43.8260352696133
"2015","Región del Maule","Ambos sexos",57.3114287396126
"2015","Región del Maule","Hombres",70.8692787519305
"2015","Región del Maule","Mujeres",44.3839476805467
"2015","Total país","Ambos sexos",58.0626768547483
"2015","Total país","Hombres",69.9996178047497
"2015","Total país","Mujeres",46.6929351237824
"2016","Región Metropolitana de Santiago","Ambos sexos",60.0800059617502
"2016","Región Metropolitana de Santiago","Hombres",70.9635621953324
"2016","Región Metropolitana de Santiago","Mujeres",49.7810582588315
"2016","Región de Antofagasta","Ambos sexos",58.7882078835956
"2016","Región de Antofagasta","Hombres",71.1132944361844
"2016","Región de Antofagasta","Mujeres",46.2272794486624
"2016","Región de Arica y Parinacota","Ambos sexos",56.567695091452
"2016","Región de Arica y Parinacota","Hombres",66.7445400845316
"2016","Región de Arica y Parinacota","Mujeres",46.6130426123953
"2016","Región de Atacama","Ambos sexos",56.7252842155672
"2016","Región de Atacama","Hombres",68.040311949408
"2016","Región de Atacama","Mujeres",45.1961713648485
"2016","Región de Aysén del Gral. Carlos Ibáñez del Campo","Ambos sexos",69.7086503395175
"2016","Región de Aysén del Gral. Carlos Ibáñez del Campo","Hombres",78.4904368725202
"2016","Región de Aysén del Gral. Carlos Ibáñez del Campo","Mujeres",60.6646668047296
"2016","Región de Coquimbo","Ambos sexos",57.6163441055936
"2016","Región de Coquimbo","Hombres",68.6264617437871
"2016","Región de Coquimbo","Mujeres",47.2303922531337
"2016","Región de La Araucanía","Ambos sexos",55.3001808639777
"2016","Región de La Araucanía","Hombres",67.9614440605827
"2016","Región de La Araucanía","Mujeres",43.4100697743999
"2016","Región de Los Lagos","Ambos sexos",58.4473495796189
"2016","Región de Los Lagos","Hombres",70.4568812616842
"2016","Región de Los Lagos","Mujeres",46.6759955387807
"2016","Región de Los Ríos","Ambos sexos",58.4290388847567
"2016","Región de Los Ríos","Hombres",70.7270434715364
"2016","Región de Los Ríos","Mujeres",46.7254782715376
"2016","Región de Magallanes y La Antártica Chilena","Ambos sexos",62.8678995045291
"2016","Región de Magallanes y La Antártica Chilena","Hombres",75.2268117524669
"2016","Región de Magallanes y La Antártica Chilena","Mujeres",50.0874466977768
"2016","Región de Tarapacá","Ambos sexos",62.1867931245322
"2016","Región de Tarapacá","Hombres",70.2114101753518
"2016","Región de Tarapacá","Mujeres",53.997652778268
"2016","Región de Valparaíso","Ambos sexos",56.1199173772203
"2016","Región de Valparaíso","Hombres",67.3788165171646
"2016","Región de Valparaíso","Mujeres",45.5848465367637
"2016","Región de Ñuble","Ambos sexos",56.1287083783372
"2016","Región de Ñuble","Hombres",68.9526364559063
"2016","Región de Ñuble","Mujeres",44.2837022986195
"2016","Región del Biobío","Ambos sexos",51.9590191812293
"2016","Región del Biobío","Hombres",63.6390204105041
"2016","Región del Biobío","Mujeres",41.0672371009512
"2016","Región del Libertador Gral. Bernardo O'Higgins","Ambos sexos",57.5356324034293
"2016","Región del Libertador Gral. Bernardo O'Higgins","Hombres",70.3238088905434
"2016","Región del Libertador Gral. Bernardo O'Higgins","Mujeres",44.8894109283046
"2016","Región del Maule","Ambos sexos",56.6183474104844
"2016","Región del Maule","Hombres",69.7036252247612
"2016","Región del Maule","Mujeres",44.1600658740363
"2016","Total país","Ambos sexos",57.9968101035406
"2016","Total país","Hombres",69.4690367440689
"2016","Total país","Mujeres",47.060238317802
"2017","Región Metropolitana de Santiago","Ambos sexos",61.1841510114736
"2017","Región Metropolitana de Santiago","Hombres",71.13489717608
"2017","Región Metropolitana de Santiago","Mujeres",51.7202820790675
"2017","Región de Antofagasta","Ambos sexos",57.5695384583106
"2017","Región de Antofagasta","Hombres",69.0337906459268
"2017","Región de Antofagasta","Mujeres",45.9173665060125
"2017","Región de Arica y Parinacota","Ambos sexos",55.982357066344
"2017","Región de Arica y Parinacota","Hombres",67.3349732324965
"2017","Región de Arica y Parinacota","Mujeres",44.8113719497682
"2017","Región de Atacama","Ambos sexos",59.0272465975202
"2017","Región de Atacama","Hombres",71.0535002541099
"2017","Región de Atacama","Mujeres",46.7820457186582
"2017","Región de Aysén del Gral. Carlos Ibáñez del Campo","Ambos sexos",70.4741021415313
"2017","Región de Aysén del Gral. Carlos Ibáñez del Campo","Hombres",78.5277146412027
"2017","Región de Aysén del Gral. Carlos Ibáñez del Campo","Mujeres",62.2097551214063
"2017","Región de Coquimbo","Ambos sexos",55.3948809219155
"2017","Región de Coquimbo","Hombres",66.8175107086713
"2017","Región de Coquimbo","Mujeres",44.6232170032914
"2017","Región de La Araucanía","Ambos sexos",54.9163310618909
"2017","Región de La Araucanía","Hombres",66.2774163675299
"2017","Región de La Araucanía","Mujeres",44.2544646324835
"2017","Región de Los Lagos","Ambos sexos",58.2691313424029
"2017","Región de Los Lagos","Hombres",71.6290955798064
"2017","Región de Los Lagos","Mujeres",45.1758383118499
"2017","Región de Los Ríos","Ambos sexos",60.4146925979676
"2017","Región de Los Ríos","Hombres",73.4768116930578
"2017","Región de Los Ríos","Mujeres",48.0086149589304
"2017","Región de Magallanes y La Antártica Chilena","Ambos sexos",63.8046644623604
"2017","Región de Magallanes y La Antártica Chilena","Hombres",74.010866606679
"2017","Región de Magallanes y La Antártica Chilena","Mujeres",53.2526715625113
"2017","Región de Tarapacá","Ambos sexos",61.7971141569337
"2017","Región de Tarapacá","Hombres",71.515030933503
"2017","Región de Tarapacá","Mujeres",51.8862892916137
"2017","Región de Valparaíso","Ambos sexos",56.9227357709998
"2017","Región de Valparaíso","Hombres",67.8301177901615
"2017","Región de Valparaíso","Mujeres",46.7036521730491
"2017","Región de Ñuble","Ambos sexos",54.1158310675756
"2017","Región de Ñuble","Hombres",67.0156337640295
"2017","Región de Ñuble","Mujeres",42.2434742618629
"2017","Región del Biobío","Ambos sexos",51.6106386306615
"2017","Región del Biobío","Hombres",63.1027218998938
"2017","Región del Biobío","Mujeres",40.9024210006294
"2017","Región del Libertador Gral. Bernardo O'Higgins","Ambos sexos",57.2052463371044
"2017","Región del Libertador Gral. Bernardo O'Higgins","Hombres",69.5213125150755
"2017","Región del Libertador Gral. Bernardo O'Higgins","Mujeres",45.0166272536695
"2017","Región del Maule","Ambos sexos",56.0191759976095
"2017","Región del Maule","Hombres",69.1173629125167
"2017","Región del Maule","Mujeres",43.559128190459
"2017","Total país","Ambos sexos",58.3215943362687
"2017","Total país","Hombres",69.3668116085694
"2017","Total país","Mujeres",47.7719514711201
"2018","Región Metropolitana de Santiago","Ambos sexos",61.1363993392496
"2018","Región Metropolitana de Santiago","Hombres",70.9039539150111
"2018","Región Metropolitana de Santiago","Mujeres",51.7999960933646
"2018","Región de Antofagasta","Ambos sexos",59.36829837147
"2018","Región de Antofagasta","Hombres",71.0768364195733
"2018","Región de Antofagasta","Mujeres",47.5308103655178
"2018","Región de Arica y Parinacota","Ambos sexos",55.9652734703522
"2018","Región de Arica y Parinacota","Hombres",66.1410658267818
"2018","Región de Arica y Parinacota","Mujeres",45.867170008711
"2018","Región de Atacama","Ambos sexos",59.9771720649676
"2018","Región de Atacama","Hombres",70.942866504417
"2018","Región de Atacama","Mujeres",48.8213163214984
"2018","Región de Aysén del Gral. Carlos Ibáñez del Campo","Ambos sexos",70.0054778459393
"2018","Región de Aysén del Gral. Carlos Ibáñez del Campo","Hombres",77.0303648190356
"2018","Región de Aysén del Gral. Carlos Ibáñez del Campo","Mujeres",62.8168877981496
"2018","Región de Coquimbo","Ambos sexos",56.3068430715526
"2018","Región de Coquimbo","Hombres",67.5371261021746
"2018","Región de Coquimbo","Mujeres",45.7172668181072
"2018","Región de La Araucanía","Ambos sexos",54.7545799334653
"2018","Región de La Araucanía","Hombres",66.3851914256038
"2018","Región de La Araucanía","Mujeres",43.8458844412624
"2018","Región de Los Lagos","Ambos sexos",57.254842622402
"2018","Región de Los Lagos","Hombres",70.3316465588219
"2018","Región de Los Lagos","Mujeres",44.4382404510122
"2018","Región de Los Ríos","Ambos sexos",59.1070441634467
"2018","Región de Los Ríos","Hombres",71.4096540238823
"2018","Región de Los Ríos","Mujeres",47.4355879756223
"2018","Región de Magallanes y La Antártica Chilena","Ambos sexos",65.7568150552176
"2018","Región de Magallanes y La Antártica Chilena","Hombres",74.2322569854149
"2018","Región de Magallanes y La Antártica Chilena","Mujeres",57.0002210820351
"2018","Región de Tarapacá","Ambos sexos",58.9126833482603
"2018","Región de Tarapacá","Hombres",68.3297305535759
"2018","Región de Tarapacá","Mujeres",49.3288273471752
"2018","Región de Valparaíso","Ambos sexos",56.5931947963302
"2018","Región de Valparaíso","Hombres",67.8103338074334
"2018","Región de Valparaíso","Mujeres",46.0693814666833
"2018","Región de Ñuble","Ambos sexos",54.4495352350004
"2018","Región de Ñuble","Hombres",68.4120507226345
"2018","Región de Ñuble","Mujeres",41.6328155845641
"2018","Región del Biobío","Ambos sexos",52.0723206909835
"2018","Región del Biobío","Hombres",62.6694436174736
"2018","Región del Biobío","Mujeres",42.201039015326
"2018","Región del Libertador Gral. Bernardo O'Higgins","Ambos sexos",56.5681273880203
"2018","Región del Libertador Gral. Bernardo O'Higgins","Hombres",68.3227952256885
"2018","Región del Libertador Gral. Bernardo O'Higgins","Mujeres",44.9257980944652
"2018","Región del Maule","Ambos sexos",56.8471205165135
"2018","Región del Maule","Hombres",69.5019090029296
"2018","Región del Maule","Mujeres",44.8153372162685
"2018","Total país","Ambos sexos",58.3471992482063
"2018","Total país","Hombres",69.161997790967
"2018","Total país","Mujeres",47.9970915333603
"2019","Región Metropolitana de Santiago","Ambos sexos",60.6460050652261
"2019","Región Metropolitana de Santiago","Hombres",69.8658283929866
"2019","Región Metropolitana de Santiago","Mujeres",51.7995116705078
"2019","Región de Antofagasta","Ambos sexos",59.867060199863
"2019","Región de Antofagasta","Hombres",71.2436122597108
"2019","Región de Antofagasta","Mujeres",48.420138215653
"2019","Región de Arica y Parinacota","Ambos sexos",57.4764329442242
"2019","Región de Arica y Parinacota","Hombres",66.991548805986
"2019","Región de Arica y Parinacota","Mujeres",47.9775155568907
"2019","Región de Atacama","Ambos sexos",60.6183040273168
"2019","Región de Atacama","Hombres",70.7804253785208
"2019","Región de Atacama","Mujeres",50.2927573663271
"2019","Región de Aysén del Gral. Carlos Ibáñez del Campo","Ambos sexos",68.8701198692675
"2019","Región de Aysén del Gral. Carlos Ibáñez del Campo","Hombres",76.3990460886412
"2019","Región de Aysén del Gral. Carlos Ibáñez del Campo","Mujeres",61.1865579164715
"2019","Región de Coquimbo","Ambos sexos",58.1579234747967
"2019","Región de Coquimbo","Hombres",69.1823742868648
"2019","Región de Coquimbo","Mujeres",47.7644695819221
"2019","Región de La Araucanía","Ambos sexos",54.4432995692417
"2019","Región de La Araucanía","Hombres",65.9746855508863
"2019","Región de La Araucanía","Mujeres",43.6341943505209
"2019","Región de Los Lagos","Ambos sexos",58.4585507532224
"2019","Región de Los Lagos","Hombres",70.4414129038707
"2019","Región de Los Lagos","Mujeres",46.7173714529968
"2019","Región de Los Ríos","Ambos sexos",58.2191659732758
"2019","Región de Los Ríos","Hombres",69.9707673657223
"2019","Región de Los Ríos","Mujeres",47.0878518092292
"2019","Región de Magallanes y La Antártica Chilena","Ambos sexos",65.1658903054442
"2019","Región de Magallanes y La Antártica Chilena","Hombres",75.8618659634446
"2019","Región de Magallanes y La Antártica Chilena","Mujeres",54.121201121803
"2019","Región de Tarapacá","Ambos sexos",59.7551371770341
"2019","Región de Tarapacá","Hombres",69.6513190332788
"2019","Región de Tarapacá","Mujeres",49.7086525349625
"2019","Región de Valparaíso","Ambos sexos",55.7535398079805
"2019","Región de Valparaíso","Hombres",66.7270410794127
"2019","Región de Valparaíso","Mujeres",45.4486503336937
"2019","Región de Ñuble","Ambos sexos",54.6089781777723
"2019","Región de Ñuble","Hombres",67.0101705635631
"2019","Región de Ñuble","Mujeres",43.2574346981762
"2019","Región del Biobío","Ambos sexos",52.7448656582316
"2019","Región del Biobío","Hombres",63.0213757083948
"2019","Región del Biobío","Mujeres",43.177582376083
"2019","Región del Libertador Gral. Bernardo O'Higgins","Ambos sexos",56.5779645225618
"2019","Región del Libertador Gral. Bernardo O'Higgins","Hombres",68.2678073082602
"2019","Región del Libertador Gral. Bernardo O'Higgins","Mujeres",44.9969536870961
"2019","Región del Maule","Ambos sexos",56.5374078504504
"2019","Región del Maule","Hombres",68.603488773889
"2019","Región del Maule","Mujeres",45.0768021044326
"2019","Total país","Ambos sexos",58.2730389619069
"2019","Total país","Hombres",68.6481409175623
"2019","Total país","Mujeres",48.3303709572011
"2020","Región Metropolitana de Santiago","Ambos sexos",52.6995749180448
"2020","Región Metropolitana de Santiago","Hombres",62.0131866649283
"2020","Región Metropolitana de Santiago","Mujeres",43.739605399117
"2020","Región de Antofagasta","Ambos sexos",52.7214551996752
"2020","Región de Antofagasta","Hombres",62.4916907034987
"2020","Región de Antofagasta","Mujeres",42.9182194719357
"2020","Región de Arica y Parinacota","Ambos sexos",48.4525795258706
"2020","Región de Arica y Parinacota","Hombres",59.6340765840976
"2020","Región de Arica y Parinacota","Mujeres",37.2522175202144
"2020","Región de Atacama","Ambos sexos",51.8492919426435
"2020","Región de Atacama","Hombres",63.3712770518445
"2020","Región de Atacama","Mujeres",40.1556148088005
"2020","Región de Aysén del Gral. Carlos Ibáñez del Campo","Ambos sexos",63.8066257253228
"2020","Región de Aysén del Gral. Carlos Ibáñez del Campo","Hombres",71.3789607529537
"2020","Región de Aysén del Gral. Carlos Ibáñez del Campo","Mujeres",56.1063765529815
"2020","Región de Coquimbo","Ambos sexos",47.8253733591911
"2020","Región de Coquimbo","Hombres",58.0488280235798
"2020","Región de Coquimbo","Mujeres",38.1897350603702
"2020","Región de La Araucanía","Ambos sexos",43.6031269852796
"2020","Región de La Araucanía","Hombres",53.4597489900651
"2020","Región de La Araucanía","Mujeres",34.3710079737429
"2020","Región de Los Lagos","Ambos sexos",46.1956714533341
"2020","Región de Los Lagos","Hombres",57.0109712476444
"2020","Región de Los Lagos","Mujeres",35.6030192739315
"2020","Región de Los Ríos","Ambos sexos",48.0905325607205
"2020","Región de Los Ríos","Hombres",58.6316863694017
"2020","Región de Los Ríos","Mujeres",38.1245451435072
"2020","Región de Magallanes y La Antártica Chilena","Ambos sexos",55.0332085937752
"2020","Región de Magallanes y La Antártica Chilena","Hombres",63.8691183412383
"2020","Región de Magallanes y La Antártica Chilena","Mujeres",45.9076266012532
"2020","Región de Tarapacá","Ambos sexos",50.9233498116117
"2020","Región de Tarapacá","Hombres",61.2675238719569
"2020","Región de Tarapacá","Mujeres",40.4434570070685
"2020","Región de Valparaíso","Ambos sexos",47.2746369994753
"2020","Región de Valparaíso","Hombres",57.5120560812932
"2020","Región de Valparaíso","Mujeres",37.6569687626365
"2020","Región de Ñuble","Ambos sexos",47.1916990820378
"2020","Región de Ñuble","Hombres",60.9212645374182
"2020","Región de Ñuble","Mujeres",34.6652691635019
"2020","Región del Biobío","Ambos sexos",45.6670031445515
"2020","Región del Biobío","Hombres",56.1697540065029
"2020","Región del Biobío","Mujeres",35.8972408698175
"2020","Región del Libertador Gral. Bernardo O'Higgins","Ambos sexos",49.5720152947337
"2020","Región del Libertador Gral. Bernardo O'Higgins","Hombres",60.7753249007854
"2020","Región del Libertador Gral. Bernardo O'Higgins","Mujeres",38.4744731176348
"2020","Región del Maule","Ambos sexos",49.8952407543354
"2020","Región del Maule","Hombres",62.0130578643811
"2020","Región del Maule","Mujeres",38.4018363871364
"2020","Total país","Ambos sexos",49.9896145016854
"2020","Total país","Hombres",60.1343158712507
"2020","Total país","Mujeres",40.2604189810137
"2021","Región Metropolitana de Santiago","Ambos sexos",55.8199297385304
"2021","Región Metropolitana de Santiago","Hombres",65.3816470303841
"2021","Región Metropolitana de Santiago","Mujeres",46.6042848914981
"2021","Región de Antofagasta","Ambos sexos",55.5751420335354
"2021","Región de Antofagasta","Hombres",66.240922584391
"2021","Región de Antofagasta","Mujeres",44.8897158584465
"2021","Región de Arica y Parinacota","Ambos sexos",51.5622728973724
"2021","Región de Arica y Parinacota","Hombres",61.8762016111003
"2021","Región de Arica y Parinacota","Mujeres",41.2002205793277
"2021","Región de Atacama","Ambos sexos",54.018737759142
"2021","Región de Atacama","Hombres",65.1308143071271
"2021","Región de Atacama","Mujeres",42.7539237442704
"2021","Región de Aysén del Gral. Carlos Ibáñez del Campo","Ambos sexos",64.593223462342
"2021","Región de Aysén del Gral. Carlos Ibáñez del Campo","Hombres",73.0200240546835
"2021","Región de Aysén del Gral. Carlos Ibáñez del Campo","Mujeres",56.0514128218533
"2021","Región de Coquimbo","Ambos sexos",48.7118407270985
"2021","Región de Coquimbo","Hombres",60.1979482431235
"2021","Región de Coquimbo","Mujeres",37.8909644546068
"2021","Región de La Araucanía","Ambos sexos",44.7605790473136
"2021","Región de La Araucanía","Hombres",54.8504022989462
"2021","Región de La Araucanía","Mujeres",35.3185944492632
"2021","Región de Los Lagos","Ambos sexos",45.6260262928092
"2021","Región de Los Lagos","Hombres",56.320206681514
"2021","Región de Los Lagos","Mujeres",35.1572085738551
"2021","Región de Los Ríos","Ambos sexos",48.9422452962002
"2021","Región de Los Ríos","Hombres",60.2104820488859
"2021","Región de Los Ríos","Mujeres",38.3107144749542
"2021","Región de Magallanes y La Antártica Chilena","Ambos sexos",59.1033730403745
"2021","Región de Magallanes y La Antártica Chilena","Hombres",67.8359057621311
"2021","Región de Magallanes y La Antártica Chilena","Mujeres",50.0805981450395
"2021","Región de Tarapacá","Ambos sexos",55.0359804750413
"2021","Región de Tarapacá","Hombres",64.0308799632548
"2021","Región de Tarapacá","Mujeres",45.9375029370695
"2021","Región de Valparaíso","Ambos sexos",50.2717110230153
"2021","Región de Valparaíso","Hombres",60.6594985080636
"2021","Región de Valparaíso","Mujeres",40.5117215707382
"2021","Región de Ñuble","Ambos sexos",49.2154700795152
"2021","Región de Ñuble","Hombres",62.5574476843614
"2021","Región de Ñuble","Mujeres",37.0811156941967
"2021","Región del Biobío","Ambos sexos",47.0826813959928
"2021","Región del Biobío","Hombres",58.1142762228607
"2021","Región del Biobío","Mujeres",36.8300327186711
"2021","Región del Libertador Gral. Bernardo O'Higgins","Ambos sexos",49.5450932216136
"2021","Región del Libertador Gral. Bernardo O'Higgins","Hombres",61.7045813283692
"2021","Región del Libertador Gral. Bernardo O'Higgins","Mujeres",37.5044808204298
"2021","Región del Maule","Ambos sexos",49.4331386641122
"2021","Región del Maule","Hombres",62.006669050977
"2021","Región del Maule","Mujeres",37.5246711349711
"2021","Total país","Ambos sexos",52.1454143766008
"2021","Total país","Hombres",62.5872652424956
"2021","Total país","Mujeres",42.1274672904421
"2022","Región Metropolitana de Santiago","Ambos sexos",58.5880968422273
"2022","Región Metropolitana de Santiago","Hombres",67.7854949422744
"2022","Región Metropolitana de Santiago","Mujeres",49.7094995716722
"2022","Región de Antofagasta","Ambos sexos",58.2799039751973
"2022","Región de Antofagasta","Hombres",69.6544013269238
"2022","Región de Antofagasta","Mujeres",46.8942521689508
"2022","Región de Arica y Parinacota","Ambos sexos",54.0316941542543
"2022","Región de Arica y Parinacota","Hombres",62.4806629592692
"2022","Región de Arica y Parinacota","Mujeres",45.518071639101
"2022","Región de Atacama","Ambos sexos",57.2382564699003
"2022","Región de Atacama","Hombres",67.5586036694361
"2022","Región de Atacama","Mujeres",46.7872315247622
"2022","Región de Aysén del Gral. Carlos Ibáñez del Campo","Ambos sexos",67.7725038601293
"2022","Región de Aysén del Gral. Carlos Ibáñez del Campo","Hombres",75.2238358638699
"2022","Región de Aysén del Gral. Carlos Ibáñez del Campo","Mujeres",60.2423747230776
"2022","Región de Coquimbo","Ambos sexos",51.6442627231784
"2022","Región de Coquimbo","Hombres",63.0011157640509
"2022","Región de Coquimbo","Mujeres",40.9514785874975
"2022","Región de La Araucanía","Ambos sexos",49.5162458209353
"2022","Región de La Araucanía","Hombres",59.2511715505819
"2022","Región de La Araucanía","Mujeres",40.4153154683864
"2022","Región de Los Lagos","Ambos sexos",46.8225880855397
"2022","Región de Los Lagos","Hombres",57.2511073981491
"2022","Región de Los Lagos","Mujeres",36.6181130668534
"2022","Región de Los Ríos","Ambos sexos",52.8613586746909
"2022","Región de Los Ríos","Hombres",63.472152857127
"2022","Región de Los Ríos","Mujeres",42.870871303834
"2022","Región de Magallanes y La Antártica Chilena","Ambos sexos",62.199126079994
"2022","Región de Magallanes y La Antártica Chilena","Hombres",70.2044759649811
"2022","Región de Magallanes y La Antártica Chilena","Mujeres",53.9242372416971
"2022","Región de Tarapacá","Ambos sexos",60.47317312901
"2022","Región de Tarapacá","Hombres",68.3853429753957
"2022","Región de Tarapacá","Mujeres",52.4803508334744
"2022","Región de Valparaíso","Ambos sexos",53.5803510382113
"2022","Región de Valparaíso","Hombres",63.2714902586259
"2022","Región de Valparaíso","Mujeres",44.4749338229048
"2022","Región de Ñuble","Ambos sexos",50.0188684712184
"2022","Región de Ñuble","Hombres",62.0762351231781
"2022","Región de Ñuble","Mujeres",39.0869731453681
"2022","Región del Biobío","Ambos sexos",50.0785043143528
"2022","Región del Biobío","Hombres",59.8230908937908
"2022","Región del Biobío","Mujeres",41.0301257565234
"2022","Región del Libertador Gral. Bernardo O'Higgins","Ambos sexos",52.6541319018733
"2022","Región del Libertador Gral. Bernardo O'Higgins","Hombres",64.0309969078403
"2022","Región del Libertador Gral. Bernardo O'Higgins","Mujeres",41.3941430475119
"2022","Región del Maule","Ambos sexos",52.5764001637215
"2022","Región del Maule","Hombres",63.7863772909373
"2022","Región del Maule","Mujeres",41.9757676996907
"2022","Total país","Ambos sexos",55.095760793611
"2022","Total país","Hombres",64.9615524786688
"2022","Total país","Mujeres",45.6282697036752
"2023","Región Metropolitana de Santiago","Ambos sexos",58.980972823491
"2023","Región Metropolitana de Santiago","Hombres",67.7807761786296
"2023","Región Metropolitana de Santiago","Mujeres",50.4792798534159
"2023","Región de Antofagasta","Ambos sexos",58.0792283994968
"2023","Región de Antofagasta","Hombres",68.6740038466822
"2023","Región de Antofagasta","Mujeres",47.4783532256245
"2023","Región de Arica y Parinacota","Ambos sexos",52.5369947194295
"2023","Región de Arica y Parinacota","Hombres",59.9762682879902
"2023","Región de Arica y Parinacota","Mujeres",45.0265042267972
"2023","Región de Atacama","Ambos sexos",60.1483172238744
"2023","Región de Atacama","Hombres",70.5760927346852
"2023","Región de Atacama","Mujeres",49.5960128766371
"2023","Región de Aysén del Gral. Carlos Ibáñez del Campo","Ambos sexos",69.7113321284394
"2023","Región de Aysén del Gral. Carlos Ibáñez del Campo","Hombres",77.3082623286858
"2023","Región de Aysén del Gral. Carlos Ibáñez del Campo","Mujeres",62.0490952341171
"2023","Región de Coquimbo","Ambos sexos",54.1166149957067
"2023","Región de Coquimbo","Hombres",65.5807298880596
"2023","Región de Coquimbo","Mujeres",43.325081556743
"2023","Región de La Araucanía","Ambos sexos",50.5846064315142
"2023","Región de La Araucanía","Hombres",60.4285993401966
"2023","Región de La Araucanía","Mujeres",41.3862801476911
"2023","Región de Los Lagos","Ambos sexos",47.2085192378524
"2023","Región de Los Lagos","Hombres",57.1939132207113
"2023","Región de Los Lagos","Mujeres",37.4405341267327
"2023","Región de Los Ríos","Ambos sexos",54.6249660591932
"2023","Región de Los Ríos","Hombres",65.0401184531756
"2023","Región de Los Ríos","Mujeres",44.828086452015
"2023","Región de Magallanes y La Antártica Chilena","Ambos sexos",64.1845360503075
"2023","Región de Magallanes y La Antártica Chilena","Hombres",71.9753003887475
"2023","Región de Magallanes y La Antártica Chilena","Mujeres",56.1306372789245
"2023","Región de Tarapacá","Ambos sexos",60.7914889270922
"2023","Región de Tarapacá","Hombres",69.252283557824
"2023","Región de Tarapacá","Mujeres",52.24900869018
"2023","Región de Valparaíso","Ambos sexos",54.3401015066992
"2023","Región de Valparaíso","Hombres",64.0269574345882
"2023","Región de Valparaíso","Mujeres",45.2388809946092
"2023","Región de Ñuble","Ambos sexos",51.939412037455
"2023","Región de Ñuble","Hombres",64.7965020834046
"2023","Región de Ñuble","Mujeres",40.300365134649
"2023","Región del Biobío","Ambos sexos",50.3815788012645
"2023","Región del Biobío","Hombres",60.3928742363828
"2023","Región del Biobío","Mujeres",41.089737500933
"2023","Región del Libertador Gral. Bernardo O'Higgins","Ambos sexos",52.0022041349198
"2023","Región del Libertador Gral. Bernardo O'Higgins","Hombres",63.8912450208156
"2023","Región del Libertador Gral. Bernardo O'Higgins","Mujeres",40.2377561224601
"2023","Región del Maule","Ambos sexos",55.9589282898841
"2023","Región del Maule","Hombres",66.9718113543123
"2023","Región del Maule","Mujeres",45.5535983801941
"2023","Total país","Ambos sexos",55.8459633307069
"2023","Total país","Hombres",65.5530179838017
"2023","Total país","Mujeres",46.529645231583
